,,,,,,,,,,,,,,,,,,,,,,,,,,,,,,,,,,,,,,,,,,,,,,,,,,,,,,,,,,,,,,,,,,,,,,,,,,,,,,,,,,,,,,,,,,,,,,,,score,opt_d,step
55,54,52,49,42,38,34,35,37,31,30,29,33,28,0,2,7,5,6,3,11,13,9,12,14,10,44,41,43,48,39,40,45,50,57,53,59,58,71,74,75,76,72,85,87,77,83,73,70,69,56,51,47,22,23,21,25,26,27,64,95,65,62,60,61,63,92,93,84,89,86,80,88,81,78,79,82,66,94,91,90,36,8,15,20,19,16,24,18,17,68,46,4,32,1,67,-1232.75971797489,576.50971797489,126
93,94,67,65,61,59,57,58,56,54,50,51,48,42,40,41,38,33,34,31,30,36,28,1,6,8,5,2,3,32,45,44,46,53,24,47,10,9,11,14,15,12,16,17,22,20,23,25,21,27,64,95,91,77,85,86,88,83,73,74,70,71,60,72,75,66,26,63,92,87,76,62,52,68,81,69,55,49,78,80,90,79,37,0,35,4,29,43,7,18,84,39,19,89,13,82,-1282.8896700488058,564.1396700488059,138
75,73,83,86,88,84,89,87,85,74,77,91,94,67,65,61,58,60,62,70,69,81,90,80,82,56,54,51,48,40,42,38,39,43,32,33,34,31,29,36,35,37,28,0,4,8,9,12,15,13,6,11,7,2,10,45,46,53,52,47,50,41,49,59,55,71,63,64,66,26,23,22,24,57,68,25,19,21,27,17,18,20,72,78,79,30,5,44,3,1,16,95,92,14,76,93,-1218.4604631830346,546.5854631830343,129
9,12,11,6,4,8,3,5,2,28,29,36,37,38,40,48,41,49,45,47,52,53,55,58,57,68,56,69,70,60,61,63,65,66,67,71,76,74,72,84,85,86,88,87,73,81,80,83,82,90,75,93,95,94,64,26,23,24,20,21,19,15,14,7,32,43,44,46,51,54,42,33,31,34,50,78,79,30,10,35,0,13,22,17,18,59,77,27,92,91,16,39,25,1,62,89,-1199.3803804778775,569.1720471445444,121
71,73,85,86,88,87,84,74,75,70,76,92,67,61,62,66,93,65,63,60,72,83,77,89,82,80,81,68,58,55,56,52,54,50,41,38,37,35,36,30,29,31,34,32,44,43,33,42,49,46,47,57,51,40,10,14,15,17,21,23,22,27,25,64,26,59,48,28,1,3,5,4,8,11,9,2,12,6,13,7,45,53,69,90,91,94,24,16,95,19,0,20,18,79,78,39,-1184.8814135949526,575.5064135949527,117
41,48,40,43,33,32,44,49,45,46,52,57,53,51,54,68,55,59,58,56,69,71,75,74,73,85,83,81,84,88,89,82,87,76,72,86,70,66,63,61,67,93,95,94,77,90,78,37,31,36,38,42,39,30,34,28,29,3,4,2,6,9,8,5,7,13,12,14,15,16,19,21,23,26,27,62,65,60,47,22,24,10,35,0,11,1,20,64,18,50,25,80,92,17,91,79,-1233.8798109516642,562.0048109516642,129
89,85,87,86,83,73,72,71,70,61,63,67,62,59,53,52,49,42,41,40,43,44,48,50,56,55,69,57,68,58,75,66,74,60,23,25,22,24,26,20,18,15,12,14,11,6,8,4,3,2,7,1,5,13,10,45,39,33,32,34,38,51,54,37,35,29,28,30,9,16,17,19,21,27,47,31,78,82,90,80,84,91,93,64,65,76,88,81,94,79,36,46,92,0,95,77,-1277.6708518833,538.0875185499666,142
40,42,38,48,39,34,31,35,30,33,28,1,2,4,6,7,11,8,5,13,15,16,18,21,20,19,23,27,26,64,67,66,61,60,70,58,56,69,80,81,90,83,84,86,88,87,73,72,71,62,59,24,46,47,45,51,49,44,10,14,3,32,36,29,41,52,54,68,57,53,50,37,43,0,12,25,22,95,92,76,77,89,91,85,74,65,93,63,94,75,79,17,78,55,82,9,-1243.6057943219635,540.4807943219633,135
15,12,13,14,8,5,7,4,9,2,28,0,30,31,37,38,39,42,41,44,43,33,29,36,35,48,45,51,50,55,57,59,61,65,67,66,60,63,70,74,71,58,72,73,83,84,77,87,88,86,81,90,82,80,89,75,76,91,92,85,69,52,46,47,24,53,56,49,68,62,22,26,21,27,25,64,20,17,11,6,32,40,78,79,23,16,3,19,10,18,1,94,93,95,34,54,-1287.533437539009,553.1584375390089,141
29,28,35,37,33,36,30,32,34,40,39,43,44,49,52,53,55,68,58,70,74,71,73,72,84,85,86,88,87,90,89,77,83,75,76,65,62,60,66,93,67,92,94,64,25,27,23,21,19,17,18,24,20,16,22,63,61,26,46,51,50,54,56,57,45,10,13,15,12,11,6,8,9,14,5,1,4,7,31,38,47,69,82,80,81,59,91,95,48,0,2,78,41,3,42,79,-1224.853796916256,563.3954635829227,127
49,52,50,51,48,44,45,42,43,41,40,39,33,32,28,0,30,29,37,31,1,2,4,5,8,11,6,12,13,10,3,14,19,16,21,27,64,26,22,20,18,24,53,57,55,68,56,58,60,63,65,62,67,66,71,72,76,73,74,70,83,86,85,87,89,82,90,77,75,93,92,84,91,81,54,69,88,80,61,46,23,47,15,17,9,35,7,25,34,38,36,59,95,78,79,94,-1390.2818074656643,582.9901407989977,155
10,45,44,42,48,40,49,52,57,58,60,70,74,73,83,87,86,84,89,90,88,76,77,72,71,66,61,67,63,26,22,25,27,23,24,20,19,15,13,8,5,3,6,11,7,2,0,35,34,33,43,41,38,36,28,32,30,29,1,37,51,54,53,55,69,80,68,59,46,50,31,39,4,16,14,17,9,56,82,91,85,75,93,64,65,92,95,18,12,62,94,81,79,21,78,47,-1289.182954736445,575.6412880697785,137
24,53,59,58,55,54,51,42,40,48,41,39,49,45,47,10,14,9,11,8,6,4,3,28,30,29,34,31,36,37,32,44,43,50,57,61,65,67,63,66,62,64,26,22,23,20,17,21,25,27,95,93,94,91,92,76,74,72,71,60,56,68,70,84,87,89,86,77,83,85,73,88,81,69,80,78,38,0,1,35,52,46,13,16,15,19,7,18,5,33,2,82,79,90,12,75,-1147.19308790042,548.2347545670867,115
69,58,59,61,65,64,63,62,60,70,73,84,87,86,85,88,82,81,90,83,76,74,75,71,56,68,54,50,51,41,42,48,38,43,33,37,34,31,35,29,36,28,30,39,32,40,45,46,52,47,24,20,16,21,27,66,72,91,92,95,67,77,89,55,53,22,26,18,23,25,57,49,13,9,6,8,7,11,5,4,2,1,10,14,3,12,44,15,78,0,17,79,19,94,93,80,-1215.4803832155685,554.0220498822354,127
88,89,86,87,77,84,83,73,85,90,80,82,68,56,58,70,72,75,67,66,62,59,53,57,52,50,48,41,38,42,43,44,45,40,51,49,55,69,71,61,65,64,26,25,20,18,16,19,21,24,46,10,8,5,7,3,9,12,11,6,2,28,30,36,34,39,37,35,32,1,33,54,78,81,74,76,60,47,23,27,93,63,91,22,95,92,17,4,0,13,94,29,15,79,14,31,-1323.4792742584868,552.6459409251538,148
63,66,65,67,62,59,61,60,57,56,68,69,55,54,49,42,48,39,38,41,51,50,46,45,52,47,24,20,17,16,19,25,26,22,21,64,93,75,76,73,84,87,89,86,83,88,77,85,81,82,90,74,70,71,80,91,95,27,23,58,53,44,43,33,37,34,36,28,35,30,32,3,6,9,11,7,8,4,2,1,31,5,13,15,14,12,0,29,18,72,78,40,94,10,92,79,-1217.667457370308,524.9591240369747,133
88,85,87,89,77,76,73,84,74,71,75,66,62,59,53,55,54,50,42,48,41,49,46,52,56,58,61,70,72,81,83,69,60,57,68,82,78,40,38,39,43,45,44,34,36,30,0,37,33,28,35,29,2,5,6,7,11,9,14,12,10,3,1,32,4,31,8,13,19,20,21,22,23,26,27,65,63,67,91,94,92,86,80,93,90,79,64,47,24,18,16,25,51,17,95,15,-1281.123034607779,572.7897012744453,136
39,48,51,42,38,37,33,43,34,30,29,28,35,0,1,5,7,3,4,11,14,12,15,19,21,22,20,18,16,24,23,59,61,63,60,71,70,73,85,83,77,74,87,86,81,90,88,80,68,56,55,69,58,62,65,93,67,76,84,82,78,40,54,57,50,49,44,41,46,45,47,10,8,9,17,13,32,52,72,66,64,26,95,75,94,27,53,25,36,89,79,31,91,2,6,92,-1297.000369890039,557.4170365567059,142
49,48,39,40,43,42,44,10,14,11,13,8,9,6,5,3,2,4,32,34,31,29,0,37,36,35,38,41,50,51,53,57,58,55,69,68,80,83,84,85,73,76,72,74,70,59,60,71,62,61,63,65,64,67,93,66,75,87,77,81,88,90,82,89,56,46,24,20,16,18,15,17,22,26,21,19,27,23,54,47,33,45,52,78,1,30,28,12,7,25,92,79,95,91,94,86,-1345.3915783950247,569.349911728358,149
29,28,0,31,30,36,38,41,49,51,52,54,48,40,43,42,44,10,14,9,6,7,4,8,13,3,5,2,1,35,39,33,32,47,45,53,46,56,69,80,82,90,83,84,85,88,89,77,74,73,72,71,76,91,92,94,95,64,27,22,21,18,19,16,23,25,26,62,60,70,75,66,67,65,58,55,50,34,78,37,59,61,63,93,81,87,68,24,15,57,20,79,17,86,11,12,-1208.885819683655,521.3858196836551,132
2,5,6,7,9,13,15,17,16,18,22,23,20,26,27,21,25,62,61,65,64,63,59,60,66,70,71,74,72,76,77,87,84,86,90,81,69,58,56,54,49,52,53,46,51,50,48,39,43,44,32,33,37,31,30,28,36,0,38,41,40,45,10,8,12,19,47,57,67,93,95,92,73,83,82,89,75,88,55,78,34,3,4,1,11,42,35,80,85,91,14,79,29,68,94,24,-1381.59924448088,558.6825778142131,158
6,7,3,1,2,29,30,0,34,35,33,36,28,38,37,41,48,51,52,54,57,59,58,70,75,73,83,84,88,89,90,86,77,72,60,62,61,71,67,93,94,95,63,27,64,26,25,22,18,16,19,15,17,24,20,21,46,53,47,42,49,45,39,32,43,31,40,56,68,69,55,81,74,85,80,76,65,91,87,82,66,50,78,23,44,5,9,8,4,12,10,79,14,92,11,13,-1300.2500214442398,555.4583547775732,143
10,14,12,15,17,18,16,23,26,64,63,61,59,53,52,49,50,54,55,57,56,69,68,58,70,72,71,74,75,66,62,67,92,95,93,77,85,87,84,73,81,80,90,89,88,76,60,65,22,21,19,25,47,24,20,13,9,6,5,8,3,1,2,7,4,32,34,31,29,30,0,36,37,39,40,43,33,28,38,42,51,46,41,45,35,48,44,78,86,94,27,83,91,11,79,82,-1203.9170450741035,552.8753784074371,125
71,75,72,74,76,73,84,83,86,88,77,91,92,93,66,62,61,60,59,53,47,49,52,51,50,42,41,39,43,40,48,45,46,54,56,58,70,63,67,26,22,23,24,25,21,20,19,18,27,65,55,69,80,82,81,87,85,90,68,38,36,30,31,28,0,33,32,37,29,1,6,5,9,11,8,7,2,10,3,13,12,16,17,15,57,64,89,94,78,35,4,95,44,14,34,79,-1306.0554925561987,602.9304925561986,135
36,31,28,35,29,37,34,43,44,32,39,38,40,42,50,52,49,48,51,45,54,57,55,69,80,82,86,85,83,84,87,89,90,74,73,77,88,72,58,56,68,59,61,65,67,62,70,76,75,71,91,93,94,92,66,64,25,22,21,18,20,24,53,47,10,13,11,12,9,8,3,1,5,4,7,6,15,19,17,16,26,60,27,14,2,33,30,46,63,95,79,81,23,78,0,41,-1233.4866382633704,540.7783049300373,133
24,46,53,59,62,65,67,61,66,63,64,27,22,25,21,26,60,70,71,72,76,73,83,87,86,88,90,89,81,69,80,82,68,56,57,51,54,55,58,50,41,48,39,38,42,43,32,40,44,33,37,36,29,28,31,30,34,49,35,45,47,52,23,20,15,19,18,12,13,11,6,5,4,1,3,8,7,0,2,10,14,16,93,75,91,84,94,85,95,78,9,17,92,79,77,74,-1354.1484038564556,557.273403856456,153
9,6,8,11,7,2,1,4,28,31,29,35,36,37,34,39,40,48,50,42,38,33,44,45,46,52,57,58,70,71,75,73,85,83,77,76,74,84,87,88,86,81,69,72,67,62,60,65,64,27,23,24,53,55,56,59,66,63,93,95,91,92,89,80,90,78,41,32,30,10,43,49,68,82,51,54,14,15,19,16,22,26,18,25,20,13,47,12,17,94,61,5,3,79,21,0,-1259.541914149784,556.4169141497841,135
42,48,51,50,41,49,54,57,55,58,61,59,63,62,65,66,60,67,75,73,74,72,84,86,83,81,69,70,56,68,52,47,45,44,10,14,11,6,4,8,12,13,15,17,18,22,23,20,25,24,19,27,64,92,95,76,77,88,82,89,85,71,80,91,93,26,94,46,39,34,35,31,36,33,38,30,29,0,28,37,40,53,21,9,5,7,3,32,16,78,87,79,2,90,1,43,-1210.145308859865,564.3119755265318,124
21,23,26,25,20,18,19,16,14,15,17,24,53,52,50,54,49,48,41,39,42,51,55,69,81,82,89,85,86,77,76,73,74,75,72,58,57,68,71,67,63,66,62,59,61,56,47,44,45,32,33,35,30,28,36,31,29,34,0,2,5,3,8,9,13,12,6,7,11,43,37,40,78,80,70,60,64,27,93,65,22,38,46,84,88,87,90,92,10,4,91,1,83,95,94,79,-1319.8902329080647,549.0568995747313,148
7,4,6,3,2,29,0,35,31,37,39,40,48,42,49,50,41,51,45,44,10,46,24,53,47,54,68,57,52,59,58,60,71,73,84,87,85,89,90,82,81,69,72,83,74,86,76,77,91,67,65,62,63,64,26,27,23,25,20,18,19,22,15,14,9,8,1,32,34,36,43,5,33,11,13,16,55,38,30,80,78,56,75,93,94,88,70,61,17,66,12,95,92,79,21,28,-1337.788748057853,582.5804147245196,145
46,47,24,59,58,60,61,63,65,62,70,71,74,75,73,84,86,83,85,77,87,76,92,66,64,27,22,21,26,67,23,25,18,16,15,17,14,12,9,7,6,4,2,28,35,30,29,36,31,38,42,49,51,41,39,43,44,10,13,8,1,3,32,45,40,37,33,50,55,69,57,52,54,53,20,48,68,81,80,82,56,89,93,95,72,94,90,91,78,0,5,11,34,19,88,79,-1275.5465001223185,541.1715001223183,141
70,72,73,74,71,60,59,57,52,53,56,68,58,61,66,64,67,63,65,93,75,77,85,86,87,83,84,88,81,90,80,55,50,54,49,41,48,39,42,40,51,46,47,45,10,43,38,44,33,37,31,35,29,0,28,36,34,3,5,6,4,8,7,1,9,13,15,16,18,20,25,21,23,26,27,22,24,14,11,12,17,62,92,91,95,69,78,32,82,30,19,76,79,94,2,89,-1318.8985849430294,542.8569182763629,149
55,56,54,49,51,41,39,43,32,44,48,42,45,47,46,57,59,60,58,70,75,73,83,84,77,85,87,74,72,76,86,88,90,82,69,81,71,62,67,66,65,26,25,20,18,21,23,24,52,40,37,33,31,29,0,30,34,50,38,78,80,68,22,17,19,12,8,6,9,14,16,10,11,5,7,4,3,35,2,1,13,53,15,64,63,92,95,94,27,36,79,91,89,93,61,28,-1152.4969917442004,537.9136584108671,118
17,15,19,22,23,24,20,21,18,25,27,26,65,63,62,61,70,74,75,76,73,72,84,87,77,89,88,86,85,71,58,57,55,56,54,48,42,41,49,51,40,39,38,36,30,29,34,43,37,32,33,44,46,50,53,52,68,69,82,90,83,80,59,64,67,92,94,91,93,95,66,47,45,31,1,5,4,8,3,9,12,10,13,7,28,0,11,16,60,14,78,2,79,81,6,35,-1324.315401233448,563.8987345667815,146
91,92,93,65,64,67,62,59,61,66,75,76,72,73,83,84,77,85,86,87,89,81,69,56,57,54,50,48,41,42,40,44,43,38,36,30,35,29,31,0,33,34,28,3,1,7,6,5,4,2,10,45,47,52,55,68,58,71,80,70,63,60,26,21,20,17,15,14,9,8,12,16,19,25,18,22,46,49,53,51,32,37,13,27,23,39,78,82,24,94,95,88,79,90,11,74,-1098.4745075356675,535.9745075356677,108
4,3,7,9,13,15,16,19,21,20,25,23,62,61,63,65,60,70,75,73,84,87,89,86,85,88,90,83,81,82,77,91,93,92,66,67,64,59,55,54,51,48,49,52,53,46,44,41,43,32,38,42,45,47,24,27,17,18,12,11,14,22,26,71,74,76,94,80,56,58,72,50,69,78,37,31,34,36,33,28,1,29,30,39,40,35,6,2,0,57,95,79,8,10,68,5,-1432.6063019833914,568.0229686500583,166
92,76,75,71,74,72,73,83,77,88,84,81,80,69,58,57,56,53,46,45,44,32,34,36,35,33,37,38,41,40,42,49,50,54,51,52,39,43,28,31,30,1,3,4,5,2,29,7,6,9,13,8,14,10,48,24,47,61,65,63,67,60,55,70,68,82,86,85,87,93,64,62,22,26,27,25,23,20,21,15,17,19,12,16,18,11,59,66,90,89,95,91,94,78,0,79,-1311.1031063826165,540.269773049283,148
14,15,13,9,6,8,5,7,4,1,29,31,28,36,35,37,34,30,0,2,32,10,45,46,49,42,48,51,54,50,52,53,55,68,56,58,70,74,72,71,73,84,77,83,85,88,89,81,80,82,87,91,93,66,62,65,60,63,61,57,69,59,47,23,21,25,26,67,92,76,90,79,78,40,39,44,43,3,41,11,18,20,24,22,19,64,27,95,17,38,86,94,33,16,12,75,-1200.981155205613,544.7311552056132,126
62,63,67,65,75,72,76,74,73,71,70,69,58,59,57,55,52,51,54,50,40,38,41,48,44,39,49,46,24,22,25,23,20,16,19,15,12,9,6,7,8,4,2,5,11,14,18,21,27,64,93,91,87,88,89,83,81,86,85,82,77,90,84,60,53,45,10,47,43,32,35,37,36,29,31,0,33,28,3,42,34,30,78,80,79,61,68,95,66,92,17,13,94,1,56,26,-1279.0264303432928,575.9014303432926,135
44,45,49,52,54,55,56,69,68,50,40,39,38,34,36,30,31,37,43,41,32,42,33,48,47,53,51,58,57,62,60,70,74,72,73,84,85,88,77,83,87,91,76,92,66,63,61,67,64,65,59,26,22,23,27,21,19,20,18,17,16,15,14,13,9,8,5,7,4,6,1,29,2,0,78,81,80,86,82,79,89,71,75,94,95,93,46,12,24,11,35,10,90,3,28,25,-1181.6942897612298,556.6942897612298,120
32,33,43,44,45,48,40,42,49,50,41,39,34,31,30,28,35,36,38,52,51,54,56,58,60,62,59,57,61,67,63,64,95,92,76,74,70,75,72,83,84,73,85,87,77,71,65,66,26,27,23,21,19,16,15,13,9,12,11,6,4,5,1,0,29,3,2,8,47,46,22,17,25,24,20,53,68,82,80,90,88,86,55,78,69,91,18,37,10,7,81,14,79,93,89,94,-1326.192117572005,539.7337842386718,151
71,70,74,72,73,84,87,85,88,77,89,82,83,76,92,75,65,64,67,63,61,58,56,54,51,42,39,48,49,41,43,44,45,47,46,53,59,57,50,40,33,37,38,35,30,29,28,36,34,32,10,8,5,7,9,6,4,3,12,13,15,17,18,19,25,22,23,26,27,24,21,16,11,1,2,55,60,68,69,52,78,81,86,66,62,91,80,79,90,95,94,14,31,0,93,20,-1275.055584168089,582.3472508347555,133
27,25,20,18,16,21,26,64,95,67,66,63,60,58,70,74,73,72,71,83,87,88,77,76,85,90,82,80,68,54,50,42,48,39,41,38,43,40,37,36,31,35,30,28,29,0,32,10,13,9,8,4,6,2,33,1,44,45,52,51,46,24,23,61,53,57,55,69,81,75,84,86,56,59,47,14,19,22,65,62,17,11,3,15,7,49,5,34,78,12,92,91,94,79,89,93,-1213.0758352949754,562.0341686283086,125
86,85,83,77,74,72,73,84,89,87,76,92,91,93,95,66,62,59,60,70,75,61,65,26,27,21,23,53,52,51,54,50,41,39,42,49,44,43,32,10,13,12,14,9,5,6,11,8,4,28,31,36,33,30,29,0,34,35,37,38,40,46,45,55,69,56,57,24,19,20,25,17,22,18,15,7,1,78,82,68,71,80,88,81,67,47,3,2,58,16,63,48,79,64,94,90,-1248.9822278921874,551.0655612255207,134
14,9,6,5,8,11,12,10,44,48,40,41,43,33,32,45,46,52,49,42,50,54,55,57,53,59,60,61,65,66,64,26,22,21,18,19,20,16,23,27,24,25,63,62,71,75,76,77,83,73,72,74,84,89,87,86,82,85,88,80,69,58,67,70,92,94,91,93,68,51,56,47,34,35,30,28,1,3,2,7,31,36,29,39,37,4,15,38,81,0,13,78,95,79,17,90,-1301.688820614364,546.4804872810306,145
66,67,62,65,63,61,59,58,60,72,74,70,69,81,82,86,88,89,90,87,85,77,83,84,76,92,93,94,73,80,55,57,52,50,49,42,48,44,41,38,34,36,31,30,28,35,39,33,43,32,45,47,51,53,46,40,68,71,64,25,23,20,19,17,22,24,27,21,15,14,10,11,12,13,8,4,2,7,3,5,0,6,16,9,29,54,26,95,56,78,79,75,18,37,1,91,-1251.2754546666229,568.9837879999562,131
87,88,86,77,83,73,74,76,85,84,75,71,72,81,89,70,69,58,59,57,54,51,49,52,55,68,53,56,50,48,44,32,33,37,35,34,31,29,30,0,2,7,6,4,3,5,10,14,9,13,15,12,19,17,21,22,20,24,26,63,62,61,65,66,64,93,67,92,27,18,46,43,41,38,40,42,47,25,95,91,60,45,39,28,8,23,11,78,79,90,36,1,16,94,82,80,-1295.593867732866,550.8022010661991,143
73,84,85,77,86,83,88,87,76,71,58,55,56,52,49,51,42,39,48,44,40,43,41,33,37,36,34,30,29,0,31,38,32,35,3,7,9,11,12,13,8,14,10,5,6,28,1,2,15,16,17,22,23,24,53,54,68,57,61,62,63,67,64,95,66,65,70,60,74,81,69,80,78,79,50,45,20,19,18,47,59,25,46,26,21,27,75,91,89,93,72,90,4,94,82,92,-1346.1602231290112,575.3268897956779,148
81,83,73,85,77,76,72,74,87,90,82,86,89,84,70,71,58,56,57,55,53,51,49,48,50,52,54,41,38,34,33,35,29,28,36,30,32,10,14,9,13,11,12,6,4,8,2,5,1,43,45,44,47,24,46,40,37,42,39,69,61,59,68,60,62,65,63,67,66,93,94,75,88,80,92,27,64,26,22,20,19,17,21,16,7,3,0,23,18,31,78,91,79,15,95,25,-1300.495175994758,550.4951759947581,144
10,45,48,40,43,32,44,39,41,49,54,50,42,51,46,52,47,24,22,21,26,63,66,64,67,60,61,58,55,57,59,53,68,70,72,74,73,85,84,77,87,76,71,65,93,75,62,69,82,80,89,81,86,83,91,94,88,95,25,23,20,17,19,18,13,9,6,3,8,11,5,1,7,12,14,4,28,0,36,34,31,30,37,78,38,56,33,35,29,16,27,79,90,15,92,2,-1326.598718379379,566.1820517127122,146
27,22,23,21,18,15,12,8,6,5,7,4,3,11,10,32,44,43,39,40,38,42,49,45,52,51,46,48,54,50,55,58,70,60,71,76,77,85,73,83,86,88,90,89,87,75,91,84,72,81,68,80,82,69,74,67,66,63,26,61,53,59,62,65,64,95,92,93,25,19,14,17,13,9,33,36,30,0,29,31,34,28,2,47,24,20,57,35,37,56,79,16,94,78,1,41,-1327.846195458978,557.0128621256448,148
64,26,27,25,23,21,20,22,17,19,15,12,11,13,6,5,9,3,4,1,29,30,35,34,31,33,36,28,43,42,41,48,39,44,40,38,51,54,49,45,50,56,58,57,55,69,70,60,63,66,62,61,59,53,46,24,52,37,78,68,81,90,89,87,88,86,84,85,77,75,74,76,71,73,83,80,82,65,72,95,94,93,67,92,16,10,7,32,8,47,2,79,0,91,14,18,-1177.474880900091,573.3082142334242,116
92,91,77,87,89,85,73,72,75,70,61,59,60,65,64,66,71,58,69,55,52,49,50,54,42,39,40,41,51,53,46,24,47,48,43,32,10,44,45,56,81,86,83,82,80,90,68,74,84,88,76,63,26,21,27,20,22,19,25,23,57,33,34,31,36,35,28,30,1,2,5,4,9,12,8,3,29,7,6,11,17,16,18,13,15,67,38,0,78,37,95,94,79,14,62,93,-1279.9228788588848,550.7562121922183,140
58,57,56,68,54,52,53,47,24,22,20,21,18,19,16,15,17,27,26,62,65,64,67,60,71,72,75,74,73,85,87,86,77,83,89,90,81,84,70,69,55,61,23,63,59,49,50,51,45,44,32,39,42,41,33,35,36,30,29,31,34,38,37,28,43,3,6,8,11,13,14,7,5,2,4,9,1,12,10,48,46,25,66,95,76,88,80,82,78,92,79,94,40,91,93,0,-1285.4003775041674,561.4420441708344,139
89,90,82,81,84,87,88,73,76,72,74,83,86,77,70,61,59,62,65,63,60,58,56,54,51,42,48,40,43,41,39,44,45,10,11,9,12,14,8,5,3,1,28,35,31,36,37,34,38,30,0,29,32,33,50,57,53,52,46,47,23,25,21,26,22,27,24,19,15,16,13,18,64,75,71,85,67,93,95,94,80,91,68,69,78,66,55,20,49,6,17,92,7,4,79,2,-1358.830437545822,530.7054375458218,159
73,72,74,71,76,77,86,89,84,83,87,90,81,80,88,75,65,66,61,60,70,59,58,68,69,82,85,56,52,50,48,49,51,54,41,39,38,34,31,29,36,28,0,33,37,35,43,40,46,42,32,3,6,9,13,11,7,4,1,2,5,12,15,16,20,18,25,21,22,27,23,47,44,30,8,45,53,57,55,62,64,93,92,67,26,95,91,19,14,17,10,94,24,63,79,78,-1270.996129137368,557.4544624707013,137
41,38,39,40,49,45,46,48,44,42,50,55,56,68,58,70,72,74,71,73,83,87,85,84,77,89,88,86,81,90,82,75,67,65,63,62,26,64,95,93,76,91,61,66,23,22,20,21,25,17,19,18,15,14,10,11,6,8,4,2,7,1,5,3,32,35,37,34,33,36,0,28,43,52,53,57,47,54,51,24,60,92,80,78,79,59,27,94,12,16,31,13,30,9,29,69,-1180.0816756323966,539.4566756323966,123
2,5,3,8,11,6,9,13,15,12,10,14,7,32,33,36,30,31,29,0,28,1,37,34,43,41,48,42,51,49,45,46,44,38,50,52,55,58,56,69,71,73,84,86,87,89,83,85,77,74,75,72,61,60,62,67,64,26,23,22,25,24,20,21,18,19,47,54,40,68,81,70,76,66,63,93,95,65,27,16,59,39,4,17,53,80,57,35,90,78,79,94,82,88,91,92,-1295.3936874463795,545.3936874463794,144
29,0,36,34,38,42,49,45,51,41,48,44,39,37,40,32,33,35,30,1,4,3,7,5,8,12,9,14,10,46,52,57,55,54,47,53,56,69,68,80,83,84,77,85,73,74,76,72,60,58,71,70,67,63,64,95,94,93,66,62,23,21,25,24,61,26,22,18,16,20,13,19,17,59,81,86,82,87,90,88,91,92,65,89,75,43,31,6,2,50,28,78,27,79,15,11,-1239.887074659658,573.2204079929917,128
78,80,81,69,58,57,59,61,60,71,70,75,74,72,76,84,85,87,86,88,89,77,91,67,62,64,66,93,94,65,92,83,90,73,82,54,50,51,52,48,49,42,38,37,36,31,28,0,29,34,33,32,44,40,45,43,10,46,41,53,47,39,56,55,22,25,20,18,16,19,24,27,63,21,17,23,26,15,11,14,12,9,13,6,4,2,5,30,35,8,68,3,1,79,95,7,-1273.8386220360505,544.6719553693836,140
63,62,61,66,67,75,76,84,85,87,77,86,88,83,74,72,70,58,57,59,56,55,54,49,48,42,51,52,46,44,41,38,37,36,31,29,35,33,43,39,40,34,0,28,3,1,5,4,7,6,8,11,14,12,9,15,16,17,22,21,25,20,18,24,53,47,10,32,2,30,45,69,71,60,64,95,94,73,82,68,50,23,19,65,92,27,13,78,89,91,90,93,80,79,26,81,-1182.4273129362573,557.4273129362574,120
47,46,53,57,59,58,61,63,65,66,75,74,76,84,85,73,70,62,64,95,27,22,20,21,25,18,15,12,11,8,6,5,9,7,3,28,35,37,36,33,43,42,39,41,40,49,48,44,34,31,30,1,0,32,51,45,10,38,52,54,69,68,55,50,78,56,72,81,80,86,83,87,89,90,71,67,91,92,94,26,17,24,16,60,77,79,23,13,29,14,2,88,82,4,93,19,-1370.4184217479265,568.3350884145933,154
1,3,4,5,2,28,0,30,29,36,35,31,32,43,39,40,38,41,51,54,49,42,45,44,10,13,9,8,7,6,33,48,47,57,58,56,69,81,80,82,90,85,84,77,86,89,73,74,75,76,83,70,71,60,63,61,62,65,66,64,27,22,24,23,25,19,16,20,18,21,15,12,14,52,53,68,50,37,11,46,59,93,92,91,67,95,88,55,87,72,78,94,26,34,17,79,-1186.655388759965,551.2387220932983,122
1,5,6,7,2,4,11,14,12,13,15,18,17,22,25,26,63,61,60,62,65,66,93,94,95,91,75,72,71,70,58,59,53,47,52,50,54,48,42,40,39,38,43,32,10,8,44,46,51,55,68,69,82,83,73,77,84,88,87,76,74,92,89,86,81,85,67,64,21,19,16,20,27,24,56,49,41,37,34,36,31,33,28,0,3,29,45,23,78,79,35,30,57,9,80,90,-1274.6448263896852,550.686493056352,139
86,88,83,77,76,72,71,58,59,57,56,68,50,54,49,52,55,60,70,74,87,84,73,75,92,91,93,95,94,64,27,22,20,16,18,19,17,25,23,26,62,67,61,53,51,48,42,38,41,43,33,32,44,46,24,47,40,45,34,31,29,35,28,1,5,8,4,3,9,7,13,11,10,14,12,15,6,36,0,39,69,82,80,85,90,66,65,63,78,79,2,81,30,89,37,21,-1333.425316134299,583.4253161342989,144
13,14,9,6,3,5,1,28,29,30,35,34,33,43,41,38,39,40,44,49,51,52,50,56,55,57,54,48,45,47,53,59,63,62,60,71,75,73,85,87,88,86,90,81,82,84,89,80,72,74,76,83,70,67,66,64,65,95,93,91,77,94,92,61,26,27,23,24,22,25,20,17,16,15,12,8,4,32,37,0,2,11,46,68,42,69,78,58,36,10,21,79,31,7,18,19,-1233.2843819600369,556.2010486267036,130
20,18,17,22,26,63,67,75,73,83,86,88,84,77,76,71,60,61,62,66,70,74,87,91,93,64,25,21,24,59,53,55,56,57,51,50,52,49,48,41,42,38,39,33,32,10,14,15,19,12,6,7,3,1,4,11,5,2,29,30,0,34,36,31,35,43,40,45,47,46,68,54,37,28,9,23,58,65,72,82,81,80,85,90,92,94,27,95,89,69,16,44,8,13,79,78,-1195.3188565301984,559.9021898635317,122
41,42,49,45,51,52,54,50,40,38,34,33,32,10,43,48,47,24,53,59,58,60,70,73,74,75,66,63,62,61,71,69,55,46,23,21,26,65,67,93,91,76,72,84,83,85,88,89,77,90,87,81,80,56,57,22,27,18,17,16,15,12,13,9,8,5,3,1,4,11,6,2,29,28,31,30,36,35,0,78,68,37,7,20,14,39,82,64,95,86,94,44,92,19,25,79,-1280.4983906441948,629.4567239775282,125
28,0,29,30,35,37,38,41,42,40,39,48,49,51,52,57,56,55,54,45,46,53,50,44,43,32,34,36,10,11,13,8,6,9,5,4,3,33,31,78,68,80,81,86,85,84,73,72,74,75,76,77,88,82,90,71,58,69,70,59,24,21,27,64,26,62,60,63,23,25,19,18,16,15,12,20,47,22,61,83,89,87,92,67,95,93,94,91,17,66,79,65,1,2,7,14,-1190.671459499399,550.0464594993988,123
84,83,86,85,77,87,89,73,74,71,58,55,57,56,54,48,41,38,40,42,44,45,49,52,46,47,53,51,68,80,82,69,59,70,72,76,75,67,62,63,66,60,23,22,24,20,18,16,21,27,61,65,64,93,26,25,95,91,81,88,94,90,92,50,34,36,31,35,30,28,32,10,14,11,8,9,5,4,7,1,29,43,33,0,3,6,39,13,19,17,37,2,78,15,79,12,-1311.3528214751261,535.3111548084595,149
39,38,34,35,33,32,40,48,49,52,53,47,57,56,68,69,55,51,45,44,43,42,54,46,10,13,14,8,6,4,1,7,5,3,9,12,15,18,17,16,21,20,19,27,23,26,25,63,65,64,93,92,67,61,66,75,72,73,76,85,86,87,77,84,81,80,90,83,88,89,71,60,74,58,59,70,50,78,36,30,31,41,37,29,28,22,11,82,24,94,95,79,0,2,91,62,-1300.1341367038872,550.1341367038871,144
69,56,68,57,52,50,42,48,51,40,39,49,54,55,60,61,62,67,64,26,27,25,22,21,18,16,15,14,10,13,8,5,7,2,4,11,3,6,32,34,36,30,35,31,0,33,43,45,53,59,58,71,74,72,83,86,89,85,73,84,81,88,90,87,82,70,63,93,95,65,66,77,76,92,23,20,19,17,47,24,12,46,44,38,37,28,1,80,75,79,94,41,91,9,78,29,-1305.9151027556247,561.1234360889581,143
36,37,38,34,33,31,0,1,5,3,2,8,11,14,13,15,18,19,20,25,23,26,64,63,61,58,57,59,55,54,49,52,50,51,45,47,24,22,17,16,21,65,62,67,71,73,74,77,85,87,88,84,89,82,90,80,68,70,76,86,83,81,56,69,72,66,95,92,75,53,42,43,32,41,48,44,39,40,29,4,6,12,7,9,35,78,60,46,93,79,10,91,94,30,28,27,-1336.5539752422258,576.1373085755591,146
87,84,73,74,72,83,77,76,75,70,58,56,54,52,53,57,60,59,61,65,67,62,66,92,71,81,82,80,85,86,69,68,55,48,49,41,39,40,43,33,34,35,29,0,28,36,30,38,42,50,44,10,32,3,7,5,8,4,11,6,2,12,9,45,51,24,23,21,27,63,26,25,18,15,16,17,20,46,22,13,47,31,78,88,93,95,91,94,64,19,37,89,79,90,1,14,-1319.8127536425611,538.562753642561,150
27,22,21,18,20,25,26,23,62,63,67,61,58,56,69,80,86,89,84,83,77,87,73,74,75,66,93,65,64,59,60,71,81,85,76,88,90,70,55,54,50,49,42,41,39,44,48,45,43,33,35,36,34,37,38,31,28,30,40,51,57,53,68,78,82,79,72,95,24,47,52,46,14,13,8,7,4,3,9,6,11,15,19,16,10,32,1,0,5,17,2,91,29,92,94,12,-1223.8838215498768,546.8004882165435,130
48,39,43,44,40,50,42,45,51,49,41,38,35,37,33,32,10,14,11,9,12,13,7,6,2,1,28,30,36,31,4,8,29,5,3,46,24,47,23,26,22,21,27,62,65,64,93,92,76,74,70,71,58,55,69,57,59,60,61,66,63,72,83,84,87,88,86,89,73,80,68,52,53,25,20,17,16,15,34,54,81,90,91,94,75,82,77,67,95,18,78,85,0,56,19,79,-1333.5153423755087,536.6403423755088,153
61,58,60,71,74,70,75,66,65,67,63,27,25,26,64,93,76,77,85,84,88,89,86,81,83,72,80,69,57,59,24,46,52,50,48,39,38,40,49,41,45,47,44,32,43,42,33,35,30,0,28,34,37,36,1,2,4,8,7,9,13,15,12,10,5,3,31,51,55,68,54,62,56,82,78,90,87,92,23,20,18,17,22,21,16,6,14,19,95,11,29,79,91,73,53,94,-1206.8967409966776,545.4384076633444,127
95,64,65,62,63,66,60,70,74,75,76,73,83,84,87,77,89,88,81,86,72,58,55,68,50,48,39,40,41,38,42,49,54,52,56,59,61,71,57,46,51,44,43,37,31,29,30,34,28,33,35,32,45,24,53,22,26,25,20,16,18,21,23,15,12,8,9,6,11,13,14,5,7,4,3,10,36,47,27,92,85,82,90,78,80,93,67,17,2,19,91,69,94,79,0,1,-1356.5116786797082,559.6366786797082,153
92,75,71,72,83,73,74,85,86,89,84,81,80,69,56,55,57,54,49,51,52,45,48,50,40,39,42,32,34,35,31,29,36,37,43,44,38,33,0,1,5,8,9,13,10,12,15,19,20,18,21,27,26,23,24,59,61,58,70,67,64,62,65,60,66,95,63,76,91,94,87,90,77,53,22,47,14,17,16,11,4,2,6,7,28,78,41,30,82,79,68,88,3,25,46,93,-1303.9550804239461,564.3717470906126,142
73,85,87,77,84,74,76,75,70,72,60,63,61,62,67,65,71,83,89,88,90,86,91,66,64,27,21,20,18,19,25,17,16,23,53,47,24,59,57,58,55,69,82,81,56,50,49,48,40,43,39,41,44,33,34,37,38,42,45,51,52,54,78,79,31,28,35,29,32,46,15,11,13,8,5,6,4,9,14,22,26,92,93,68,95,12,1,30,2,36,80,0,10,94,3,7,-1245.1613851550223,536.8280518216892,136
50,48,42,41,43,40,38,33,37,35,29,30,34,36,32,45,49,51,53,57,58,56,52,55,68,70,71,74,77,84,85,87,88,73,86,81,90,82,89,75,76,72,69,60,62,63,65,61,67,92,94,93,66,91,59,23,26,64,27,25,20,18,21,19,15,12,8,9,5,4,3,1,2,28,39,44,46,47,22,14,16,24,13,7,0,31,54,10,80,17,78,95,79,11,83,6,-1239.457733897671,551.957733897671,132
33,34,35,29,31,28,32,44,45,46,52,51,54,55,56,58,61,59,53,50,41,40,39,49,43,10,9,12,15,16,21,23,20,22,18,24,62,66,64,65,60,71,72,74,73,77,76,83,86,88,87,90,89,84,85,75,67,63,26,19,17,25,95,92,27,47,38,37,0,2,3,6,11,14,4,13,1,30,48,68,80,70,69,82,79,36,42,78,57,5,93,7,8,91,94,81,-1376.323921545515,569.0322548788482,155
67,62,59,58,55,54,50,52,53,56,49,41,40,38,34,35,36,30,33,31,29,1,2,6,8,11,14,9,13,7,10,45,47,24,23,26,63,65,64,93,66,70,75,71,60,74,76,85,86,89,87,73,81,90,80,68,72,69,51,42,39,48,32,28,3,44,43,0,4,12,15,19,21,20,25,27,18,16,46,22,57,83,88,77,82,79,84,61,17,5,95,94,37,91,78,92,-1282.9484082759095,548.5734082759094,141
80,82,89,85,86,88,84,77,83,72,75,71,73,74,67,65,64,27,21,25,26,63,66,93,94,87,76,91,70,61,58,57,52,51,54,49,42,41,48,50,40,38,37,36,33,43,44,10,14,12,8,11,6,3,7,9,15,13,17,20,22,62,23,53,46,39,45,24,59,56,47,32,28,31,34,0,1,5,29,30,55,78,69,90,68,92,18,19,2,60,4,16,79,95,81,35,-1341.665229559193,555.2068962258597,151
79,82,80,86,85,77,84,74,75,70,72,73,81,68,69,55,58,59,60,65,67,63,66,64,62,57,53,52,51,54,50,40,41,39,43,32,33,36,34,31,28,30,0,2,1,7,5,3,4,10,44,49,45,42,48,37,46,24,21,20,22,23,27,25,19,14,12,9,13,15,17,47,38,78,83,87,90,71,61,56,89,92,91,76,95,93,18,8,16,35,88,11,94,29,26,6,-1420.1225891512229,576.3725891512228,162
36,37,34,33,31,29,30,32,44,48,40,41,43,45,51,54,49,46,52,55,57,68,56,50,42,53,58,70,72,73,74,84,83,85,87,76,77,75,71,61,63,65,60,67,92,94,91,66,93,27,22,25,24,20,18,15,13,9,12,6,3,1,4,7,11,5,28,39,38,78,80,69,62,21,23,59,47,26,64,19,16,14,35,81,89,86,88,82,10,2,17,79,90,95,0,8,-1386.4701196258206,537.5117862924875,163
60,63,67,62,61,70,58,56,69,68,54,50,52,53,46,47,45,44,42,40,48,49,39,33,35,30,31,36,37,29,0,2,1,6,8,7,3,9,14,15,12,13,5,10,43,41,55,51,34,28,38,57,59,23,25,22,21,19,16,11,18,20,17,26,64,65,66,74,71,75,73,83,87,85,84,86,77,72,82,88,89,81,76,92,91,90,78,79,4,32,24,94,27,95,93,80,-1226.3018337377148,544.0101670710483,131
30,31,34,33,36,28,32,39,40,42,48,50,41,49,54,56,55,57,53,51,46,24,20,16,17,15,14,12,10,45,44,47,23,25,22,27,64,66,63,67,62,65,75,71,70,58,68,59,60,26,19,18,61,73,74,76,91,77,84,87,86,88,85,89,83,82,90,80,72,92,69,81,78,52,21,93,95,38,37,0,43,35,3,1,5,8,9,4,13,7,79,11,29,6,2,94,-1275.9034186350032,557.1534186350029,138
40,48,41,38,34,37,39,44,43,49,50,54,52,51,53,59,57,68,55,56,69,58,60,62,67,63,61,70,75,73,85,84,77,83,87,74,86,88,76,71,81,82,80,89,66,72,90,78,42,32,28,30,35,31,29,0,2,4,5,3,6,11,9,7,12,8,15,17,21,25,22,27,26,23,18,16,20,47,45,10,13,14,24,46,19,95,92,64,91,65,94,79,33,1,93,36,-1228.3745546854054,530.4578880187388,134
90,81,80,82,83,84,85,73,71,74,70,60,63,66,62,61,67,64,65,27,26,24,22,18,16,17,20,23,53,57,59,52,51,54,50,42,39,40,41,38,33,37,36,35,29,0,1,4,5,8,9,6,3,2,30,31,28,43,32,44,48,49,55,58,72,75,77,86,91,87,88,89,69,76,93,92,56,45,47,10,12,11,14,13,21,15,19,68,25,46,95,94,7,34,78,79,-1128.4894519343911,550.3644519343911,111
43,44,41,48,49,51,52,54,56,57,59,62,60,70,72,75,76,77,83,84,85,87,89,88,81,69,80,86,71,73,90,74,91,66,64,67,93,95,63,58,50,42,39,34,33,36,35,37,38,40,31,0,1,2,4,7,3,5,11,14,9,13,8,6,29,10,47,45,53,68,82,55,61,65,23,26,25,20,16,21,27,24,46,19,22,15,32,78,92,94,17,30,79,28,18,12,-1188.8309007077355,563.8309007077356,120
72,71,73,76,84,86,88,85,77,83,87,89,90,81,82,80,70,60,58,57,55,69,50,49,51,42,41,39,43,33,32,34,35,37,36,30,38,40,48,44,46,52,45,24,53,54,47,22,20,17,21,18,25,26,63,65,61,23,62,66,67,92,95,91,93,75,56,78,68,74,59,16,12,11,9,13,15,19,8,4,3,7,2,1,28,5,31,10,14,27,64,29,0,79,94,6,-1236.3373190176426,543.6289856843093,133
5,3,6,4,1,30,35,36,37,39,40,42,48,44,32,34,31,38,43,10,46,53,55,54,49,51,41,45,57,68,69,56,60,59,62,61,65,64,63,67,70,72,76,84,85,77,74,75,91,87,83,86,81,90,80,88,71,58,73,92,93,95,94,27,26,25,24,22,18,16,19,21,23,17,13,12,15,47,33,52,14,7,8,11,20,28,0,9,50,82,78,79,29,89,66,2,-1479.8294343273444,552.7461009940115,178
56,68,58,59,57,52,51,54,55,60,62,65,61,63,66,75,74,72,70,69,73,83,77,85,86,90,80,89,81,82,71,67,76,84,88,91,94,64,27,21,26,20,22,18,19,15,12,9,6,8,4,2,7,11,14,16,13,3,28,35,34,31,33,43,41,40,38,37,32,44,45,49,42,48,46,24,47,53,25,23,95,50,39,10,29,36,1,78,87,30,0,5,92,79,93,17,-1288.5681907098945,569.8181907098945,138
35,37,38,40,39,43,32,10,46,47,45,51,50,48,49,41,42,52,54,53,55,58,60,70,72,73,84,85,86,83,87,89,77,74,91,75,65,64,66,93,94,95,27,25,20,21,19,22,24,26,63,61,57,62,56,71,81,68,59,67,23,15,12,8,9,13,5,2,3,4,1,28,31,30,0,44,36,29,34,11,16,17,14,69,82,90,76,18,92,80,78,33,88,6,79,7,-1284.465578723682,560.5072453903487,139
1,4,7,6,11,8,12,10,43,33,32,38,39,44,42,48,50,41,54,55,69,68,57,59,58,70,75,72,73,83,87,85,88,89,77,86,84,71,74,66,62,65,60,56,53,49,52,47,46,40,36,30,35,37,34,0,2,28,29,5,3,31,78,79,80,82,61,26,23,21,20,19,15,14,18,16,13,9,24,45,63,67,92,93,94,95,91,90,51,27,17,25,81,64,76,22,-1288.1539926073547,579.8206592740215,136
30,29,28,33,35,31,0,1,2,4,3,8,7,5,6,12,13,10,32,39,48,41,42,38,36,43,45,46,47,51,54,52,55,69,81,82,83,77,85,88,87,76,72,71,74,73,70,58,60,61,63,66,75,84,91,94,95,93,64,65,67,92,89,86,68,50,57,59,23,25,27,26,22,18,20,17,19,16,11,15,24,21,62,56,44,34,37,53,80,78,49,14,40,79,9,90,-1198.511802734125,531.8451360674584,128
2,5,6,8,11,12,13,7,1,4,28,35,31,29,34,37,30,36,39,41,38,42,51,48,44,32,10,43,49,40,52,54,57,55,58,56,50,45,47,53,59,62,66,63,61,70,72,75,73,83,86,88,84,85,76,71,77,81,90,74,67,60,64,65,27,25,21,26,95,91,93,87,69,68,80,82,89,46,14,9,15,18,19,23,24,16,20,92,78,3,79,17,94,0,22,33,-1304.64347893726,549.4351456039267,145
84,86,89,88,77,85,87,90,82,73,76,91,94,67,75,66,65,61,59,53,55,56,57,68,50,51,48,39,41,40,42,38,43,34,36,30,0,35,37,32,33,44,47,49,46,10,14,13,8,11,12,5,3,7,9,15,18,16,19,17,22,20,23,27,25,62,63,70,58,72,60,26,93,64,21,71,80,81,78,31,29,6,45,24,54,83,74,69,52,4,2,95,28,1,92,79,-1301.8871195313209,562.3037861979876,142
53,55,68,56,58,61,63,62,59,24,22,20,17,19,16,15,11,14,12,13,6,5,7,9,10,43,41,42,48,39,44,49,45,46,57,51,50,52,38,34,36,31,30,29,0,37,33,28,1,3,35,32,40,4,18,26,23,21,64,67,60,66,70,71,72,75,77,85,86,89,87,83,84,76,88,74,81,80,69,78,54,47,25,27,92,65,73,90,93,82,91,2,79,94,8,95,-1230.3675099068594,594.9508432401927,122
